index,config,model,benchmark,trace_pack_path
1,001_qwen3_235b_a22b_fp8_chinese_simpleqa_full.yaml,qwen3_235b_a22b_fp8,Chinese-SimpleQA,tracepacks/full/qwen3_235b_a22b_fp8/Chinese-SimpleQA
2,002_qwen3_235b_a22b_fp8_huggingfaceh4_full.yaml,qwen3_235b_a22b_fp8,HuggingFaceH4,tracepacks/full/qwen3_235b_a22b_fp8/HuggingFaceH4
3,003_qwen3_235b_a22b_fp8_livecodebench_full.yaml,qwen3_235b_a22b_fp8,livecodebench,tracepacks/full/qwen3_235b_a22b_fp8/livecodebench
4,004_qwen3_235b_a22b_fp8_mmlu_full.yaml,qwen3_235b_a22b_fp8,mmlu,tracepacks/full/qwen3_235b_a22b_fp8/mmlu
5,005_qwen3_235b_a22b_fp8_mmlu_zh_cn_full.yaml,qwen3_235b_a22b_fp8,mmlu_ZH_CN,tracepacks/full/qwen3_235b_a22b_fp8/mmlu_ZH_CN
6,006_deepseek_r1_awq_chinese_simpleqa_full.yaml,deepseek_r1_awq,Chinese-SimpleQA,tracepacks/full/deepseek_r1_awq/Chinese-SimpleQA
7,007_deepseek_r1_awq_huggingfaceh4_full.yaml,deepseek_r1_awq,HuggingFaceH4,tracepacks/full/deepseek_r1_awq/HuggingFaceH4
8,008_deepseek_r1_awq_livecodebench_full.yaml,deepseek_r1_awq,livecodebench,tracepacks/full/deepseek_r1_awq/livecodebench
9,009_deepseek_r1_awq_mmlu_full.yaml,deepseek_r1_awq,mmlu,tracepacks/full/deepseek_r1_awq/mmlu
10,010_deepseek_r1_awq_mmlu_zh_cn_full.yaml,deepseek_r1_awq,mmlu_ZH_CN,tracepacks/full/deepseek_r1_awq/mmlu_ZH_CN
11,011_kimi_k2_thinking_chinese_simpleqa_full.yaml,kimi_k2_thinking,Chinese-SimpleQA,tracepacks/full/kimi_k2_thinking/Chinese-SimpleQA
12,012_kimi_k2_thinking_huggingfaceh4_full.yaml,kimi_k2_thinking,HuggingFaceH4,tracepacks/full/kimi_k2_thinking/HuggingFaceH4
13,013_kimi_k2_thinking_livecodebench_full.yaml,kimi_k2_thinking,livecodebench,tracepacks/full/kimi_k2_thinking/livecodebench
14,014_kimi_k2_thinking_mmlu_full.yaml,kimi_k2_thinking,mmlu,tracepacks/full/kimi_k2_thinking/mmlu
15,015_kimi_k2_thinking_mmlu_zh_cn_full.yaml,kimi_k2_thinking,mmlu_ZH_CN,tracepacks/full/kimi_k2_thinking/mmlu_ZH_CN
16,016_llama_4_maverick_17b_128e_instruct_huggingfaceh4_full.yaml,llama_4_maverick_17b_128e_instruct,HuggingFaceH4,tracepacks/full/llama_4_maverick_17b_128e_instruct/HuggingFaceH4
17,017_llama_4_maverick_17b_128e_instruct_hellaswag_full.yaml,llama_4_maverick_17b_128e_instruct,hellaswag,tracepacks/full/llama_4_maverick_17b_128e_instruct/hellaswag
18,018_llama_4_maverick_17b_128e_instruct_livecodebench_full.yaml,llama_4_maverick_17b_128e_instruct,livecodebench,tracepacks/full/llama_4_maverick_17b_128e_instruct/livecodebench
19,019_llama_4_maverick_17b_128e_instruct_mmlu_full.yaml,llama_4_maverick_17b_128e_instruct,mmlu,tracepacks/full/llama_4_maverick_17b_128e_instruct/mmlu
20,020_llama_4_maverick_17b_128e_instruct_mmlu_zh_cn_full.yaml,llama_4_maverick_17b_128e_instruct,mmlu_ZH_CN,tracepacks/full/llama_4_maverick_17b_128e_instruct/mmlu_ZH_CN
